[
  {
    "outputFileName": "wwwroot/css/site.min.css",
    "inputFiles": [
      "wwwroot/css/site.css"
    ]
  },
  {
    "outputFileName": "wwwroot/js/site.min.js",
    "inputFiles": [
      "wwwroot/js/site.js"
    ],
    "minify": {
      "enabled": true,
      "renameLocals": true
    }
  },
  {
    "outputFileName": "wwwroot/js/popper.min.js",
    "inputFiles": [
      "wwwroot/js/popper.js"
    ]
  },
  {
    "outputFileName": "wwwroot/css/responsive.min.css",
    "inputFiles": [
      "wwwroot/css/responsive.css"
    ]
  }
]
